GV$ACCESS|X$KGLLK
GV$ACCESS|X$KGLOB
GV$ACCESS|X$KSUSE
GV$ACCESS|X$KGLDP
GV$ACTIVE_INSTANCES|X$KSIMSI
GV$ACTIVE_SERVICES|X$KSWSASTAB
GV$ACTIVE_SESSION_HISTORY|X$ASH
GV$ACTIVE_SESSION_HISTORY|X$KEWASH
GV$ACTIVE_SESS_POOL_MTH|X$KGSKASP
GV$ADVISOR_CURRENT_SQLPLAN|X$KESPLAN
GV$ADVISOR_PROGRESS|X$KSULOP
GV$ALERT_TYPES|X$KELTGSD
GV$ALERT_TYPES|X$KELTOSD
GV$ALERT_TYPES|X$KELTSD
GV$ALL_ACTIVE_SESSION_HISTORY|X$ALL_ASH
GV$ALL_ACTIVE_SESSION_HISTORY|X$KEWASH
GV$ALL_SQL_MONITOR|X$ALL_KESWXMON
GV$ALL_SQL_PLAN|X$ALL_KQLFXPL
GV$ALL_SQL_PLAN_MONITOR|X$ALL_KESWXMON_PLAN
GV$AQ1|X$KWQSI
GV$AQ_BACKGROUND_COORDINATOR|X$KWSBGAQPCSTAT
GV$AQ_BMAP_NONDUR_SUBSCRIBERS|X$BMAPNONDURSUB
GV$AQ_CACHED_SUBSHARDS|X$AQ_OPT_CACHED_SUBSHARD
GV$AQ_CROSS_INSTANCE_JOBS|X$KWSCPJOBSTAT
GV$AQ_INACTIVE_SUBSHARDS|X$AQ_OPT_INACTIVE_SUBSHARD
GV$AQ_IPC_ACTIVE_MSGS|X$KNLP_ACTV_MSGS
GV$AQ_IPC_MSG_STATS|X$KNLPMSGSTAT
GV$AQ_IPC_PENDING_MSGS|X$KNLP_PEND_MSGS
GV$AQ_JOB_COORDINATOR|X$KWSBGQMNSTAT
GV$AQ_MESSAGE_CACHE|X$MESSAGE_CACHE
GV$AQ_MESSAGE_CACHE_ADVICE|X$AQ_MESSAGE_CACHE_ADVICE
GV$AQ_MESSAGE_CACHE_STAT|X$AQ_OPT_STATS
GV$AQ_MSGBM|X$MSGBM
GV$AQ_NONDUR_REGISTRATIONS|X$KKCNEREG
GV$AQ_NONDUR_SUBSCRIBER|X$NONDURSUB
GV$AQ_NONDUR_SUBSCRIBER_LWM|X$NONDURSUB_LWM
GV$AQ_NOTIFICATION_CLIENTS|X$KPONDCONSTAT
GV$AQ_PARTITION_STATS|X$PERSISTENT_QUEUES
GV$AQ_REMOTE_DEQUEUE_AFFINITY|X$AQ_REMOTE_DEQAFF
GV$AQ_SERVER_POOL|X$KWSBSMSLVSTAT
GV$AQ_SHARDED_SUBSCRIBER_STAT|X$DURABLE_SHARDED_SUBS
GV$AQ_SUBSCRIBER_LOAD|X$AQ_SUBSCRIBER_LOAD
GV$AQ_UNCACHED_SUBSHARDS|X$AQ_OPT_UNCACHED_SUBSHARD
GV$ARCHIVE_DEST_STATUS|X$KCRRDSTAT
GV$ARCHIVE_DEST|X$KRSTDEST
GV$ARCHIVED_LOG|X$KCCAL
GV$ARCHIVE_PROCESSES|X$KCRRARCH
GV$ARCHIVE|X$KCCDI
GV$ARCHIVE|X$KCCLE
GV$ARCHIVE_GAP|X$KCCFE
GV$ARCHIVE_GAP|V$LOG_HISTORY
GV$ARCHIVE_GAP|V$DATABASE_INCARNATION
GV$ASH_INFO|X$KEWAM
GV$ASM_ACFSAUTORESIZE|X$KFVACFSA
GV$ASM_ACFSREPL|X$KFVACFSREPL
GV$ASM_ACFSREPLTAG|X$KFVACFSREPLTAG
GV$ASM_ACFSSNAPSHOTS|X$KFVACFSS
GV$ASM_ACFSTAG|X$KFVACFSTAG
GV$ASM_ACFSVOLUMES|X$KFVACFSV
GV$ASM_ACFS_ENCRYPTION_INFO|X$KFVACFSENCR
GV$ASM_ACFS_SECURITY_INFO|X$KFVACFSREALM
GV$ASM_ACFS_SEC_ADMIN|X$KFVACFSADMIN
GV$ASM_ACFS_SEC_CMDRULE|X$KFVACFSCMDRULE
GV$ASM_ACFS_SEC_REALM|X$KFVACFSREALMS
GV$ASM_ACFS_SEC_REALM_FILTER|X$KFVACFSREALMFILTER
GV$ASM_ACFS_SEC_REALM_GROUP|X$KFVACFSREALMGROUP
GV$ASM_ACFS_SEC_REALM_USER|X$KFVACFSREALMUSER
GV$ASM_ACFS_SEC_RULE|X$KFVACFSRULE
GV$ASM_ACFS_SEC_RULESET|X$KFVACFSRULESET
GV$ASM_ACFS_SEC_RULESET_RULE|X$KFVACFSRULESETRULE
GV$ASM_ALIAS|X$KFALS
GV$ASM_ATTRIBUTE|X$KFENV
GV$ASM_AUDIT_CLEANUP_JOBS|X$KZAJOBS
GV$ASM_AUDIT_CLEAN_EVENTS|X$KZAHIST
GV$ASM_AUDIT_CONFIG_PARAMS|X$KZAPARAMS
GV$ASM_AUDIT_LAST_ARCH_TS|X$KZATS
GV$ASM_AUDIT_LOAD_JOBS|X$KZALOADJOBS
V$ASM_CACHE_EVENTS|X$KFCTET_DELTA
V$ASM_CACHE_EVENTS|X$KFBTYP
V$ASM_CACHE_EVENTS|X$KFCTE
GV$ASM_CLIENT|X$KFNCL
GV$ASM_CLIENT|X$KFNCWCL
GV$ASM_DBCLONE_INFO|X$KFFG
GV$ASM_DBCLONE_INFO|X$KFFGPT
GV$ASM_DISKGROUP_STAT|X$KFGRP_STAT
GV$ASM_DISKGROUP_SPARSE|X$KFGRP_SPARSE
GV$ASM_DISKGROUP|X$KFGRP
GV$ASM_DISK_IOSTAT|X$KFNSDSKIOST
GV$ASM_DISK_STAT|X$KFDSK_STAT
GV$ASM_DISK_STAT|X$KFKID
GV$ASM_DISK|X$KFDSK
GV$ASM_DISK|X$KFKID
GV$ASM_DISK_IOSTAT_SPARSE|X$KFNDIOSPRS
GV$ASM_DISK_SPARSE|X$KFDSK_SPARSE
GV$ASM_DISK_SPARSE|X$KFKID
GV$ASM_DISK_SPARSE_STAT|X$KFDSK_SPARSE_STAT
GV$ASM_DISK_SPARSE_STAT|X$KFKID
GV$ASM_ESTIMATE|X$KFGXP
GV$ASM_FILESYSTEM|X$KFVACFS
GV$ASM_FILE|X$KFFIL
GV$ASM_FILEGROUP|X$KFFG
GV$ASM_FILEGROUP_FILE|X$KFFGF
GV$ASM_FILEGROUP_PROPERTY|X$KFFGPT
GV$ASM_OPERATION|X$KFGBRB
GV$ASM_OPERATION|X$KFGMG
GV$ASM_OPERATION|X$KFFSCRUB
GV$ASM_QUOTAGROUP|X$KFQG
GV$ASM_TEMPLATE|X$KFTMTA
GV$ASM_USERGROUP_MEMBER|X$KFZUAGR
GV$ASM_USERGROUP|X$KFZGDR
GV$ASM_USER|X$KFZUDR
GV$ASM_VOLUME_STAT|X$KFVOL
GV$ASM_VOLUME_STAT|X$KFVOLSTAT
GV$ASM_VOLUME|X$KFFIL
GV$ASM_VOLUME|X$KFVOL
GV$AUTO_BMR_STATISTICS|X$KRBABRSTAT
GV$AW_AGGREGATE_OP|X$XSAGOP
GV$AW_ALLOCATE_OP|X$XSAGOP
GV$AW_CALC|X$XSAGGR
GV$AW_LONGOPS|X$XSLONGOPS
GV$AW_OLAP|X$KSUSE
GV$AW_OLAP|X$XSAWSO
GV$AW_SESSION_INFO|X$XSSINFO
GV$BACKUP|X$KCVFHONL
GV$BACKUP_ASYNC_IO|X$KSFQP
GV$BACKUP_CORRUPTION|X$KCCFC
GV$BACKUP_DEVICE|X$KSFQDVNT
GV$BACKUP_DATAFILE|X$KCCBF
GV$BACKUP_NONLOGGED|X$KCCFC
GV$BACKUP_PIECE|X$KCCBP
GV$BACKUP_REDOLOG|X$KCCBL
GV$BACKUP_SET|X$KCCBS
GV$BACKUP_SPFILE|X$KCCBI
GV$BACKUP_SYNC_IO|X$KSFQP
GV$BGPROCESS|X$KSBDD
GV$BGPROCESS|X$KSBDP
GV$BGPROCESS|X$KSBSRVDT
GV$BH|X$BH
GV$BH|X$LE
V$BLOCK_CHANGE_TRACKING|X$KCCDI2
V$BLOCK_CHANGE_TRACKING|X$KCCFN
V$BLOCK_CHANGE_TRACKING|X$KRCFH
GV$BLOCKING_QUIESCE|X$KGSKVFT
GV$BSP|X$KCLCRST
GV$BTS_STAT|X$KTFBNSTAT
GV$BT_SCAN_CACHE|X$KCBDWS
GV$BT_SCAN_CACHE|X$KCBWDS
GV$BT_SCAN_OBJ_TEMPS|X$KCBDWOBJ
GV$BUFFER_POOL|X$KCBWBPD
GV$BUFFER_POOL_STATISTICS|X$KCBWDS
GV$BUFFER_POOL_STATISTICS|X$KCBWBPD
GV$BUFFERED_PUBLISHERS|X$BUFFERED_PUBLISHERS
GV$BUFFERED_QUEUES|X$BUFFERED_QUEUES
GV$BUFFERED_SUBSCRIBERS|X$BUFFERED_SUBSCRIBERS
GV$BUFFERED_SUBSCRIBERS|X$BUFFERED_QUEUES
GV$CACHE|X$BH
GV$CACHE|X$LE
GV$CACHE|OBJ$
GV$CACHE_LOCK|V$CACHE_LOCK
V$CACHE_LOCK|V$CACHE
V$CACHE_LOCK|V$LOCK_ELEMENT
GV$CACHE_TRANSFER|X$BH
GV$CACHE_TRANSFER|X$LE
GV$CACHE_TRANSFER|UNDO$
GV$CALLTAG|X$KYWMNF
GV$CELL_CONFIG|X$KCFISOSSC
GV$CELL_CONFIG_INFO|X$KCFISOSSAWR
GV$CELL_DB|X$KXDCM_DB
GV$CELL_DB|X$KXDCM_METRIC_DESC
GV$CELL_DB|X$CELL_NAME
GV$CELL_DB_HISTORY|X$KXDCM_DB_HISTORY
GV$CELL_DB_HISTORY|X$KXDCM_METRIC_DESC
GV$CELL_DB_HISTORY|X$CELL_NAME
GV$CELL_DISK|X$KXDCM_DISK
GV$CELL_DISK|X$KXDCM_METRIC_DESC
GV$CELL_DISK|X$CELL_NAME
GV$CELL_DISK_HISTORY|X$KXDCM_DISK_HISTORY
GV$CELL_DISK_HISTORY|X$KXDCM_METRIC_DESC
GV$CELL_DISK_HISTORY|X$CELL_NAME
GV$CELL_GLOBAL|X$KXDCM_GLOBAL
GV$CELL_GLOBAL|X$KXDCM_METRIC_DESC
GV$CELL_GLOBAL|X$CELL_NAME
GV$CELL_GLOBAL_HISTORY|X$KXDCM_GLOBAL_HISTORY
GV$CELL_GLOBAL_HISTORY|X$KXDCM_METRIC_DESC
GV$CELL_GLOBAL_HISTORY|X$CELL_NAME
GV$CELL_IOREASON|X$KXDCM_IOREASON
GV$CELL_IOREASON|X$KXDCM_IOREASON_NAME
GV$CELL_IOREASON|X$KXDCM_METRIC_DESC
GV$CELL_IOREASON|X$CELL_NAME
GV$CELL_IOREASON_NAME|X$KXDCM_IOREASON_NAME
GV$CELL_METRIC_DESC|X$KXDCM_METRIC_DESC
GV$CELL_OFL_THREAD_HISTORY|X$KCFISOSSL
GV$CELL_REQUEST_TOTALS|X$KCFISOSST
GV$CELL_OPEN_ALERTS|X$KXDCM_OPEN_ALERTS
GV$CELL_OPEN_ALERTS|X$CELL_NAME
GV$CELL_STATE|X$KCFISOSS
GV$CELL_THREAD_HISTORY|X$KCFISOSSN
GV$CELL|X$KCELL_NAME
GV$CHANNEL_WAITS|X$KSRCDES
GV$CHANNEL_WAITS|X$KSRCCTX
GV$CHUNK_METRIC|X$KEWMCHKMV
GV$CIRCUIT|X$KMCVC
GV$CLASS_CACHE_TRANSFER|DUAL
GV$CLASS_PING|DUAL
GV$CLEANUP_PROCESS|X$KSUCLNPROC
GV$CLIENT_SECRETS|X$KZCKMCS
GV$CLIENT_RESULT_CACHE_STATS|X$KPOQSTA
GV$CLIENT_STATS|X$KEWECLS
GV$CLIENT_STATS|X$KEWSSMAP
GV$CLONEDFILE|X$KSFDSSCLONEINFO
GV$CLUSTER_INTERCONNECTS|X$SKGXPIA
GV$CODE_CLAUSE|X$KZVDVCLAUSE
GV$COLUMN_STATISTICS|X$KD_COLUMN_STATISTICS
GV$CONFIGURED_INTERCONNECTS|X$KSXPIA
GV$CONTAINERS|X$CON
GV$CONTEXT|X$CONTEXT
GV$CONTROLFILE|X$KCCCF
GV$CONTROLFILE_RECORD_SECTION|X$KCCRS
GV$CON_EVENT_HISTOGRAM_MICRO|X$CON_KSLSESHIST_MICRO
GV$CON_EVENT_HISTOGRAM_MICRO|X$KSLED
GV$CON_SYSMETRIC|X$CON_KEWMDRMV
GV$CON_SYSMETRIC_HISTORY|X$CON_KEWMDRMV
GV$CON_SYSMETRIC_SUMMARY|X$CON_KEWMSMDV
GV$CON_SYSSTAT|X$CON_KSUSGSTA
GV$CON_SYSTEM_EVENT|X$CON_KSLEI
GV$CON_SYSTEM_EVENT|X$KSLED
GV$CON_SYSTEM_WAIT_CLASS|X$CON_KSLSCS
GV$CON_SYS_TIME_MODEL|X$KEWSSMAP
GV$CON_SYS_TIME_MODEL|X$CON_KEWSSYSV
GV$COPY_CORRUPTION|X$KCCCC
GV$COPY_NONLOGGED|X$KCCCC
GV$CORRUPT_XID_LIST|X$KTUCUS
GV$CPOOL_CC_INFO|X$KPPLCC_INFO
GV$CPOOL_CC_STATS|X$KPPLCC_STATS
GV$CPOOL_CONN_INFO|X$KPPLCONN_INFO
GV$CPOOL_CONN_INFO|V$SESSION
GV$CPOOL_CONN_INFO|X$KMPCSO
GV$CPOOL_STATS|X$KPPLCP_STATS
GV$CR_BLOCK_SERVER|X$KCLCRST
GV$CURRENT_BLOCK_SERVER|X$KCLCURST
GV$DATAFILE|X$KCVDF
GV$DATAFILE_COPY|X$KCCDC
GV$DATAFILE_HEADER|X$KCVFH
GV$DATABASE|X$KCCDI
GV$DATABASE|X$KCCDI2
GV$DATABASE_BLOCK_CORRUPTION|X$KCCBLKCOR
GV$DATABASE_BLOCK_CORRUPTION|V$DATAFILE
GV$DATABASE_INCARNATION|X$KCCIC
GV$DATABASE_KEY_INFO|X$KCBDBK
GV$DATABASE_REPLAY_PROGRESS|X$KEC_PROGRESS
GV$DATAGUARD_CONFIG|X$KRSTDGC
GV$DATAGUARD_PROCESS|X$KRSSRTT
GV$DATAGUARD_STATS|X$KRSTPVRS
GV$DATAGUARD_STATUS|X$KRSTALG
GV$DATAPUMP_JOB|X$KUPVJ
GV$DATAPUMP_SESSION|X$KUPVA
GV$DB_CACHE_ADVICE|X$KCBSC
GV$DB_CACHE_ADVICE|X$KCBWBPD
GV$DB_OBJECT_CACHE|X$KGLOB
GV$DB_PIPES|X$KGLOB
GV$DB_TRANSPORTABLE_PLATFORM|X$KCPXPL
GV$DB_TRANSPORTABLE_PLATFORM|X$KCCDI
GV$DBFILE|X$KCCFN
GV$DBLINK|X$UGANCO
GV$DEAD_CLEANUP|X$KSUCLNDPCC
GV$DELETED_OBJECT|X$KCCDL
GV$DETACHED_SESSION|X$KSUPGS
GV$DG_BROKER_CONFIG|X$DRC
GV$DG_BROKER_CONFIG|X$VINST
GV$DG_BROKER_CONFIG|X$KCCDI
GV$DIAG_APP_TRACE_FILE|X$DBGATFLIST
V$DIAG_CRITICAL_ERROR|X$DBKECE
GV$DIAG_OPT_TRACE_RECORDS|X$DBGTFOPTT
GV$DIAG_SQL_TRACE_RECORDS|X$DBGTFSQLT
GV$DIAG_TRACE_FILE|X$KBGTFLIST
GV$DIAG_TRACE_FILE_CONTENTS|X$KBGTFVIEW
GV$DIAG_INFO|X$DIAG_INFO
GV$DISPATCHER|X$KMMDI
GV$DISPATCHER_CONFIG|X$KMMDP
GV$DISPATCHER_RATE|X$MMDI
GV$DLM_ALL_LOCKS|V$GES_ENQUEUE
GV$DLM_CONVERT_LOCAL|X$KJICVT
GV$DLM_CONVERT_REMOTE|X$KJICVT
GV$DLM_LATCH|V$LATCH
GV$DLM_LOCKS|V$GES_BLOCKING_ENQUEUE
GV$DLM_MISC|X$KJISFT
GV$DLM_RESS|X$KJBR
GV$DLM_RESS|X$KJIRFT
GV$DLM_TRAFFIC_CONTROLLER|X$KJITRFT
GV$DML_STATS|X$KSXMME
GV$DNFS_CHANNELS|X$DNFS_CHANNELS
GV$DNFS_FILES|X$DNFS_FILES
GV$DNFS_SERVERS|X$DNFS_SERVERS
GV$DNFS_STATS|X$DNFS_STATS
GV$DUAL|X$DUAL
GV$DYNAMIC_REMASTER_STATS|X$KJDRMAFNSTATS
GV$DYNAMIC_REMASTER_STATS|X$KJDRMREADMOSTLYSTATS
GV$EDITIONABLE_TYPES|X$KKAEET
GV$EMON|X$KPONESTAT
GV$EMX_USAGE_STATS|X$KEXSVUS
GV$ENCRYPTED_TABLESPACES|X$KCBTEK
GV$ENCRYPTION_KEYS|X$KZCKMEK
GV$ENCRYPTION_WALLET|X$KZEKMENCWAL
GV$ENABLEDPRIVS|X$KZSPR
GV$ENQUEUE_LOCK|X$KSQEQ
GV$ENQUEUE_LOCK|X$KSUSE
GV$ENQUEUE_LOCK|X$KSQRS
GV$ENQUEUE_STAT|X$KSQST
GV$ENQUEUE_STATISTICS|X$KSQST
GV$ENQUEUE_STATISTICS|X$KSQEQTYP
GV$EVENT_HISTOGRAM|X$KSLSESHIST
GV$EVENT_HISTOGRAM|X$KSLED
GV$EVENT_HISTOGRAM_MICRO|X$KSLSESHIST_MICRO
GV$EVENT_HISTOGRAM_MICRO|X$KSLED
GV$EVENT_NAME|X$KSLED
GV$EVENT_OUTLIERS|X$KSLSESOUT
GV$EVENT_OUTLIERS|X$KSLED
GV$EVENTMETRIC|X$KEWMEVMV
GV$EXADIRECT_ACL|X$KSACLTAB
GV$EXECUTION|X$KSTEX
GV$EXP_STATS|X$KSXM_EXP_STATS
GV$FALSE_PING|X$BH
GV$FALSE_PING|X$LE
GV$FAST_START_SERVERS|X$KTPRXRS
GV$FAST_START_TRANSACTIONS|X$KTPRXRT
GV$FAST_START_TRANSACTIONS|X$KTURHIST
GV$FILE_CACHE_TRANSFER|X$KCFIO
GV$FILE_CACHE_TRANSFER|X$KCCFE
GV$FILE_HISTOGRAM|X$KCFIOHIST
GV$FILE_HISTOGRAM|X$KCCFE
GV$FILE_HISTOGRAM|X$KCCFN
GV$FILE_OPTIMIZED_HISTOGRAM|X$KCFIOFCHIST
GV$FILE_OPTIMIZED_HISTOGRAM|X$KCCFE
GV$FILE_PING|X$KCFIO
GV$FILE_PING|X$KCCFE
GV$FILEMETRIC|X$KEWMFLMV
GV$FILEMETRIC_HISTORY|X$KEWMFLMV
GV$FILESPACE_USAGE|X$KTTEFINFO
GV$FILESTAT|X$KCFIO
GV$FILESTAT|X$KCCFE
GV$FILESTAT|X$KCCFN
GV$FIXED_TABLE|X$KQFTA
GV$FIXED_TABLE|X$KQFVI
GV$FIXED_TABLE|X$KQFDT
GV$FIXED_VIEW_DEFINITION|X$KQFVI
GV$FIXED_VIEW_DEFINITION|X$KQFVT
GV$FLASHBACK_DATABASE_LOG|X$KRFBLOG
GV$FLASHBACK_DATABASE_LOG|X$KCCFLE
GV$FLASHBACK_DATABASE_LOGFILE|X$KCCFN
GV$FLASHBACK_DATABASE_LOGFILE|X$KCCFLE
GV$FLASHBACK_DATABASE_STAT|X$KRFGSTAT
V$FLASHBACK_TXN_MODS|X$KTFTBTXNMODS
V$FLASHBACK_TXN_GRAPH|X$KTFTBTXNGRAPH
GV$FLASHFILESTAT|X$KCBFCIO
GV$FOREIGN_ARCHIVED_LOG|X$KCCRL
GV$FS_FAILOVER_HISTOGRAM|X$RFAHIST
GV$FS_FAILOVER_OBSERVERS|X$RFOB
GV$FS_FAILOVER_STATS|X$RFAFO
GV$FS_OBSERVER_HISTOGRAM|X$RFAHIST
GV$FS_OBSERVER_HISTOGRAM|X$RFOB
GV$GC_ELEMENT|X$LE
GV$GC_ELEMENTS_W_COLLISIONS|V$BH
GV$GCR_ACTIONS|X$GCRACTIONS
GV$GCR_LOG|X$GCRLOG
GV$GCR_METRICS|X$GCRMETRICS
GV$GCR_STATUS|X$GCRSTATUS
GV$GCSHVMASTER_INFO|X$KJDRPCMHV
GV$GCSPFMASTER_INFO|X$KJDRPCMPF
GV$GLOBAL_TRANSACTION|X$K2GTE2
GV$GES_BLOCKING_ENQUEUE|V$GES_ENQUEUE
GV$GES_DEADLOCKS|X$KJDDDEADLOCKS
GV$GES_DEADLOCK_SESSIONS|X$KJDDDEADLOCKSES
GV$GES_ENQUEUE|X$KJILKFT
GV$GES_ENQUEUE|X$KJBL
GV$GG_APPLY_COORDINATOR|X$KNSTACR
GV$GG_APPLY_COORDINATOR|V$SESSION
GV$GG_APPLY_READER|X$KSUSD
GV$GG_APPLY_READER|X$KSUSESTA
GV$GG_APPLY_READER|X$KSUSE
GV$GG_APPLY_READER|X$KNSTASL
GV$GG_APPLY_READER|V$SESSION
GV$GG_APPLY_RECEIVER|X$KNSTANR
GV$GG_APPLY_RECEIVER|X$KNSTACR
GV$GG_APPLY_SERVER|X$KNSTASL
GV$GG_APPLY_SERVER|V$SESSION
GV$GLOBALCONTEXT|X$GLOBALCONTEXT
GV$GLOBAL_BLOCKED_LOCKS|V$LOCK
GV$GLOBAL_BLOCKED_LOCKS|V$DML_LOCKS
GV$GOLDENGATE_CAPABILITIES|X$KNSTOGGC
GV$GOLDENGATE_CAPTURE|X$KSUSD
GV$GOLDENGATE_CAPTURE|X$KSUSESTA
GV$GOLDENGATE_CAPTURE|X$KSUSE
GV$GOLDENGATE_CAPTURE|X$KSUSGIF
GV$GOLDENGATE_CAPTURE|X$KNSTCAPS
GV$GOLDENGATE_CAPTURE|X$LOGMNR_PROCESS
GV$GOLDENGATE_CAPTURE|X$KCRFWS
GV$GOLDENGATE_CAPTURE|X$LOGMNR_LOG
GV$GOLDENGATE_CAPTURE|X$KCCSL
GV$GOLDENGATE_CAPTURE|X$KRVXSV
GV$GOLDENGATE_CAPTURE|V$SESSION
GV$GOLDENGATE_MESSAGE_TRACKING|X$KNSTMT
GV$GOLDENGATE_PROCEDURE_STATS|X$KNSTPSTS
GV$GOLDENGATE_TABLE_STATS|X$KNSTXSTS
GV$GOLDENGATE_TRANSACTION|X$KNSTTXN
GV$GWM_RAC_AFFINITY|X$GWMRAFF
GV$HANG_STATISTICS|X$KJZNHNGSTATS
GV$HEAT_MAP_SEGMENT|X$HEATMAPSEGMENT
V$HANG_INFO|X$KJZNHANGS
V$HANG_INFO|X$KJZNRSLNRC
V$HANG_INFO|X$KSLED
V$HANG_INFO|X$KJZNWLMPCRANK
V$HANG_SESSION_INFO|X$KJZNHANGSES
V$HANG_SESSION_INFO|X$KJZNHANGS
V$HANG_SESSION_INFO|X$KJZNRSLNRC
V$HANG_SESSION_INFO|X$KJZNWLMPCRANK
V$HANG_SESSION_INFO|X$KSLED
GV$HM_CHECK|X$DBKH_CHECK
GV$HM_CHECK_PARAM|X$DBKH_CHECK_PARAM
GV$HM_FINDING|X$DBKFDG
GV$HM_INFO|X$DBKINFO
GV$HM_RECOMMENDATION|X$DBKRECO
GV$HM_RUN|X$DBKRUN
GV$HS_AGENT|X$HS_SESSION
GV$HS_SESSION|X$HS_SESSION
GV$HS_PARAMETER|X$HS_SESSION
GV$HS_PARAMETER|X$HOFP
GV$HVMASTER_INFO|X$KJDRHV
GV$IMEU_HEADER|X$KDMIMEUHEAD
GV$IMHMSEG|X$IMHMSEG1
GV$IM_ADOELEMENTS|X$KDMADOELEMENTS
GV$IM_ADOTASKDETAILS|X$KDMADOTASKDETAILS
GV$IM_ADOTASKS|X$KDMADOTASKS
GV$IM_COLUMN_LEVEL|X$KDZCOLCL
GV$IM_COL_CU|X$KDMIMCCOL
GV$IM_DELTA_HEADER|X$KDMIMDELTAHEAD
GV$IM_GLOBALDICT|X$KDMUGLOBALDICT
GV$IM_GLOBALDICT_PIECEMAP|X$KDMUGLOBALDICTPMAP
GV$IM_GLOBALDICT_SORTORDER|X$KDMUGLOBALDICTSO
GV$IM_GLOBALDICT_VERSION|X$KDMUGLOBALDICTVER
GV$IM_HEADER|X$KDMIMCHEAD
GV$IM_IMECOL_CU|X$KDMIMEUCOL
GV$IM_SEGMENTS|X$IMCSEGMENTS
GV$IM_SEGMENTS_DETAIL|X$IMCSEGMENTS
GV$IM_SEG_EXT_MAP|X$IMCSEGEXTMAP
GV$IM_SMU_CHUNK|X$KTMTXNCHUNK
GV$IM_SMU_DELTA|X$KTMTXNDELTA
GV$IM_SMU_HEAD|X$KTMTXNHEAD
GV$IM_TBS_EXT_MAP|X$IMCTBSEXTMAP
GV$IM_USER_SEGMENTS|X$IMCSEGMENTS
GV$INCMETER_CONFIG|X$DBKINCMETCFG
GV$INCMETER_INFO|X$DBKINCMETINFO
GV$INCMETER_SUMMARY|X$DBKINCMETSUMMARY
GV$INDEXED_FIXED_COLUMN|X$KQFCO
GV$INDEXED_FIXED_COLUMN|X$KQFTA
GV$INDEX_USAGE_INFO|X$KEIUT_INFO
GV$INMEMORY_AREA|X$KTSIMAU
GV$INMEMORY_XMEM_AREA|X$KTSIMXMEMAREA
GV$INMEMORY_FASTSTART_AREA|X$KDMUFASTSTARTAREA
GV$INSTANCE|X$KSUXSINST
GV$INSTANCE|X$KVIT
GV$INSTANCE|X$QUIESCE
GV$INSTANCE_CACHE_TRANSFER|X$INSTANCE_CACHE_TRANSFER
GV$INSTANCE_LOG_GROUP|V$THREAD
GV$INSTANCE_PING|X$KSXPPING
GV$INSTANCE_RECOVERY|X$KSUSGSTA
GV$INSTANCE_RECOVERY|X$KCTLAX
GV$INSTANCE_RECOVERY|X$TARGETRBA
GV$INSTANCE_RECOVERY|X$ESTIMATED_MTTR
GV$INSTANCE_RECOVERY|X$KCTICW
GV$IO_CALIBRATION_STATUS|X$KKKICR
GV$IO_OUTLIER|X$KSFDSTLL
GV$IOFUNCMETRIC|X$KEWMIOFMW
GV$IOFUNCMETRIC|V$IOSTAT_FUNCTION
GV$IOFUNCMETRIC_HISTORY|X$KEWMIOFMW
GV$IOFUNCMETRIC_HISTORY|V$IOSTAT_FUNCTION
GV$IOS_CLIENT|X$KFIAS_CLNT
GV$IOSTAT_NETWORK|X$KSRPCIOS
GV$IOSTAT_CONSUMER_GROUP|X$KSFDSTCG
GV$IOSTAT_CONSUMER_GROUP|X$KGSKCFT
GV$IOSTAT_FILE|X$KSFDSTFILE
GV$IOSTAT_FILE|X$KCCFE
GV$IOSTAT_FILE|X$KCCTF
GV$IOSTAT_FUNCTION|X$KSFDSTCMP
GV$IOSTAT_FUNCTION_DETAIL|X$KSFDSTCMP
GV$IP_ACL|X$KSACLTAB
GV$IR_FAILURE|X$DBKFDG
GV$IR_FAILURE_SET|X$DBKFSET
GV$IR_MANUAL_CHECKLIST|X$DBKRECO
GV$IR_REPAIR|X$DBKRECO
GV$JAVA_LIBRARY_CACHE_MEMORY|X$KGLJMEM
GV$JAVA_PATCHING_STATUS|X$KSWSJPOPERTAB
GV$JAVA_POOL_ADVICE|X$KGLJSIM
GV$JAVA_SERVICES|X$KSUSE
GV$JAVAPOOL|X$KSMJCH
GV$KERNEL_IO_OUTLIER|X$KSFDKLL
GV$KEY_VECTOR|X$QESXL
GV$KEY_VECTOR|OBJ$
GV$KEY_VECTOR|USER$
GV$KSFQP|X$KSFQP
GV$LATCH|X$KSLLTR
GV$LATCH_MISSES|X$KSLLW
GV$LATCH_MISSES|X$KSLWSC
GV$LATCH_CHILDREN|X$KSLLTR_CHILDREN
GV$LATCH_PARENT|X$KSLLTR_PARENT
GV$LATCHHOLDER|X$KSUPRLAT
GV$LATCHNAME|X$KSLLD
GV$LGWRIO_OUTLIER|X$KFDSTLL
GV$LIBCACHE_LOCKS|X$KGLLK
GV$LIBCACHE_LOCKS|X$KGLPN
GV$LIBRARY_CACHE_MEMORY|X$KGLMEM
GV$LIBRARYCACHE|X$KGLST
GV$LICENSE|X$KSULL
GV$LISTENER_NETWORK|X$KMMNV
GV$LOADISTAT|X$KLCIE
GV$LOADPSTAT|X$KLPT
GV$LOBSTAT|X$LOBSTAT
GV$LOCK|X$KSUSE
GV$LOCK|X$KSQRS
GV$LOCK_ACTIVITY|DUAL
GV$LOCK_ELEMENT|X$LE
GV$LOCK_TYPE|X$KSIRESTYP
GV$LOCK_TYPE|X$KSQEQTYP
GV$LOCKDOWN_RULES|X$LOCKDOWN
GV$LOCKED_OBJECT|X$KTCXB
GV$LOCKED_OBJECT|X$KTADM
GV$LOCKED_OBJECT|X$KSUSE
GV$LOCKS_WTH_COLLISIONS|V$BH
GV$LOG|X$KCCLE
GV$LOG|X$KCCRT
GV$LOG_HISTORY|X$KCCLH
GV$LOGFILE|X$KCCFN
GV$LOGHIST|X$KCCLH
GV$LOGMNR_CONTENTS|X$LOGMNR_CONTENTS
GV$LOGMNR_DBA_OBJECTS|X$LOGMNR_OBJ$
GV$LOGMNR_DBA_OBJECTS|X$LOGMNR_USER$
GV$LOGMNR_DBA_OBJECTS|X$LOGMNR_IND$
GV$LOGMNR_DICTIONARY|X$LOGMNR_DICTIONARY
GV$LOGMNR_DICTIONARY_LOAD|X$LOGMNR_DICTIONARY_LOAD
GV$LOGMNR_EXTENTS|V$LOGMNR_SYS_DBA_SEGS
GV$LOGMNR_EXTENTS|X$LOGMNR_UET$
GV$LOGMNR_EXTENTS|X$LOGMNR_FILE$
GV$LOGMNR_EXTENTS|X$LOGMNR_KTFBUE
GV$LOGMNR_LATCH|X$LOGMNR_LATCH
GV$LOGMNR_LOGFILE|X$LOGMNR_LOGFILE
GV$LOGMNR_LOGS|X$LOGMNR_LOGS
GV$LOGMNR_OBJECT_SEGMENTS|V$LOGMNR_SYS_DBA_SEGS
GV$LOGMNR_OBJECT_SEGMENTS|V$LOGMNR_DBA_OBJECTS
GV$LOGMNR_PARAMETERS|X$LOGMNR_PARAMETERS
GV$LOGMNR_PROCESS|X$LOGMNR_PROCESS
GV$LOGMNR_PROCESS|V$PROCESS
GV$LOGMNR_PROCESS|V$SESSION
GV$LOGMNR_SESSION|X$LOGMNR_SESSION
GV$LOGMNR_STATS|X$KRVXSV
GV$LOGMNR_SYS_DBA_SEGS|X$LOGMNR_USER$
GV$LOGMNR_SYS_DBA_SEGS|X$LOGMNR_OBJ$
GV$LOGMNR_SYS_DBA_SEGS|X$LOGMNR_TS$
GV$LOGMNR_SYS_DBA_SEGS|X$LOGMNR_SEG$
GV$LOGMNR_SYS_DBA_SEGS|X$LOGMNR_FILE$
GV$LOGMNR_SYS_DBA_SEGS|X$LOGMNR_UNDO$
GV$LOGMNR_SYS_OBJECTS|X$LOGMNR_TAB$
GV$LOGMNR_SYS_OBJECTS|X$LOGMNR_TABPART$
GV$LOGMNR_SYS_OBJECTS|X$LOGMNR_CLU$
GV$LOGMNR_SYS_OBJECTS|X$LOGMNR_IND$
GV$LOGMNR_SYS_OBJECTS|X$LOGMNR_INDPART$
GV$LOGMNR_SYS_OBJECTS|X$LOGMNR_LOB$
GV$LOGMNR_SYS_OBJECTS|X$LOGMNR_TABSUBPART$
GV$LOGMNR_SYS_OBJECTS|X$LOGMNR_INDSUBPART$
GV$LOGMNR_SYS_OBJECTS|X$LOGMNR_LOBFRAG$
GV$LOGMNR_TRANSACTION|X$KRVXTX
GV$LOGSTDBY|X$KNSTACR
GV$LOGSTDBY|X$KRVSLV
GV$LOGSTDBY|V$SESSION
GV$LOGSTDBY_PROCESS|X$KRVSLV
GV$LOGSTDBY_PROCESS|X$KNSTACR
GV$LOGSTDBY_PROCESS|V$SESSION
GV$LOGSTDBY_PROGRESS|X$KRVSLVPG
GV$LOGSTDBY_STATE|X$KRVSLVS
GV$LOGSTDBY_STATS|X$KRVXSV
GV$LOGSTDBY_STATS|X$KNSTACR
GV$LOGSTDBY_STATS|V$SESSION
GV$LOGSTDBY_TRANSACTION|X$KRVSLVS
GV$LOGSTDBY_TRANSACTION|X$KRVXTX
GV$LOGSTDBY_TRANSACTION|V$STREAMS_APPLY_SERVER
GV$LOG_HISTORY|X$KCCLH
GV$MANAGED_STANDBY|X$KRSSMS
GV$MAPPED_SQL|X$KGLSQLTXT
GV$MAPPED_SQL|X$KKSXSQLSTAT
GV$MAP_COMP_LIST|X$KSFMCOMPL
GV$MAP_ELEMENT|X$KSFMELEM
GV$MAP_EXT_ELEMENT|X$KSFMEXTELEM
GV$MAP_FILE|X$KSFMFILE
GV$MAP_FILE_EXTENT|X$KSFMFILEEXT
GV$MAP_SUBELEMENT|X$KSFMSUBELEM
GV$MAP_FILE_IO_STACK|X$KSFMIOST
GV$MAP_LIBRARY|X$KSFMLIB
GV$MAX_ACTIVE_SESS_TARGET_MTH|X$KGSKASP
GV$MEMOPTIMIZE_WRITE_AREA|X$MEMOPTIMIZE_WRITE_AREA
GV$MEMORY_CURRENT_RESIZE_OPS|X$KMGSCT
GV$MEMORY_CURRENT_RESIZE_OPS|V$PARAMETER
GV$MEMORY_DYNAMIC_COMPONENTS|X$KMGSCT
GV$MEMORY_RESIZE_OPS|X$KMGSOP
GV$MEMORY_RESIZE_OPS|X$KMGSCT
GV$MEMORY_RESIZE_OPS|V$PARAMETER
GV$MEMORY_TARGET_ADVICE|X$KMGSBSMEMADV
GV$METRIC|X$KEWMDRMV
GV$METRIC_HISTORY|X$KEWMDRMV
GV$METRICGROUP|X$KEWMGSM
GV$METRICNAME|X$KEWMDSM
GV$METRICNAME|X$KEWMGSM
GV$MTTR_TARGET_ADVICE|X$KCBMMAV
GV$MUTEX_SLEEP|X$MUTEX_SLEEP
GV$MUTEX_SLEEP_HISTORY|X$MUTEX_SLEEP_HISTORY
GV$MVREFRESH|X$KNSTMVR
GV$MVREFRESH|V$SESSION
GV$MYSTAT|X$KSUMYSTA
GV$MYSTAT|X$KSUSGIF
GV$NOLOGGING_STANDBY_TXN|X$KCNT
GV$NFS_CLIENTS|X$NFSCLIENTS
GV$NFS_LOCKS|X$NFSLOCKS
GV$NFS_OPEN_FILES|X$NFSOPENS
GV$NLS_PARAMETERS|X$NLS_PARAMETERS
GV$NLS_VALID_VALUES|X$KSULV
GV$NONLOGGED_BLOCK|X$KCCBLKCOR
GV$NONLOGGED_BLOCK|X$KCCIC
GV$OBJECT_DEPENDENCY|X$KGLOB
GV$OBJECT_DEPENDENCY|X$KGLDP
GV$OBJECT_DML_FREQUENCIES|X$KSXM_DFT
GV$OBSOLETE_PARAMETER|X$KSPPO
GV$OFFLINE_RANGE|X$KCCOR
GV$OFS_STATS|X$OFS_STATS
GV$OFSMOUNT|X$OFSMOUNT
GV$ONLINE_REDEF|X$KNSTORD
GV$ONLINE_REDEF|V$SESSION
GV$OPEN_CURSOR|X$KGLLK
GV$OPTION|X$OPTION
GV$OPTIMIZER_PROCESSING_RATE|X$OPTIM_CALIB_STATS
GV$OSSTAT|X$KSUCPUSTAT
GV$OSSTAT|X$KSUVMSTAT
GV$OSSTAT|X$KSUNETSTAT
GV$PARALLEL_DEGREE_LIMIT_MTH|X$KGSKDOPP
GV$PARAMETER|X$KSPPI
GV$PARAMETER|X$KSPPCV
GV$PARAMETER2|X$KSPPI
GV$PARAMETER2|X$KSPPCV2
GV$PARAMETER_VALID_VALUES|X$KSPVLD_VALUES
GV$PASSWORDFILE_INFO|X$KZSRPWFILE
GV$PATCHES|X$KSIRPINFO
GV$PDBS|X$CON
GV$PDB_INCARNATION|X$KCPDBINC
GV$PERSISTENT_PUBLISHERS|X$PERSISTENT_PUBLISHERS
GV$PERSISTENT_PUBLISHERS|X$PERSISTENT_QUEUES
GV$PERSISTENT_QUEUES|X$PERSISTENT_QUEUES
GV$PERSISTENT_QMN_CACHE|X$KWQMNJIT
GV$PERSISTENT_SUBSCRIBERS|X$PERSISTENT_SUBSCRIBERS
GV$PERSISTENT_SUBSCRIBERS|X$PERSISTENT_QUEUES
GV$PGASTAT|X$QESMMSGA
GV$PGA_TARGET_ADVICE|X$QESMMAPADV
GV$PGA_TARGET_ADVICE_HISTOGRAM|X$QESMMAHIST
GV$PING|X$BH
GV$PING|X$LE
GV$POLICY_HISTORY|X$POLICY_HISTORY
GV$PQ_TQSTAT|X$KXFQSROW
GV$PQ_SESSTAT|X$KXFPSST
GV$PQ_SLAVE|X$KXFPDP
GV$PQ_SYSSTAT|X$KXFPYS
GV$PRIVATE_TEMP_TABLES|X$KXTT_PTT
GV$PROCESS|X$KSUPR
GV$PROCESS_GROUP|X$KSUPGP
GV$PROCESS_MEMORY|X$KSMPGDST
GV$PROCESS_MEMORY_DETAIL|X$KSMPGDST
GV$PROCESS_MEMORY_DETAIL_PROG|X$KSMPGDP
GV$PROCESS_POOL|X$KSO_PRESPAWN_POOL
GV$PROCESS_PRIORITY_DATA|X$KJPMPRC
GV$PROPAGATION_RECEIVER|X$KWQPD
GV$PROPAGATION_SENDER|X$KWQPS
GV$PROPAGATION_SENDER|X$BUFFERED_QUEUES
GV$PROXY_ARCHIVEDLOG|X$KCCPA
GV$PROXY_DATAFILE|X$KCCPD
GV$PROXY_PDB_TARGETS|X$KPDBVPROXY
GV$PWFILE_USERS|X$KZSRT
GV$PX_BUFFER_ADVICE|X$KXFPNS
GV$PX_INSTANCE_GROUP|X$KXFPIG
GV$PX_INSTANCE_GROUP|X$KXFPPIG
GV$PX_PROCESS|X$KXFDPD
GV$PX_PROCESS|V$PROCESS
GV$PX_PROCESS|V$SESSION
GV$PX_PROCESS_SYSSTAT|X$KXFPNS
GV$PX_PROCESS_TRACE|X$KXFBBOX
GV$PX_PROCESS_TRACE|V$PROCESS
GV$PX_SESSION|X$KSUSE
GV$PX_SESSION|X$KXFDPD
GV$PX_SESSTAT|X$KSUSE
GV$PX_SESSTAT|X$KXFDPD
GV$PX_SESSTAT|X$KSUSESTA
GV$PX_SESSTAT|X$KSUSGIF
GV$QUEUE|X$KMCQS
GV$QUEUEING_MTH|X$KGSKQUEP
GV$QMON_COORDINATOR_STATS|X$KWQMNC
GV$QMON_SERVER_STATS|X$KWQMNTASKSTAT
GV$QMON_SERVER_STATS|X$KWQMNSCTX
GV$QMON_SERVER_STATS|X$KWQMNC
GV$QMON_TASKS|X$KWQMNTASK
GV$QMON_TASKS|X$KWQMNTASKSTAT
GV$QMON_TASK_STATS|X$KWQMNTASKSTAT
GV$QPX_INVENTORY|X$KQPXINV
GV$QUARANTINE|X$KSSQUAR
GV$QUARANTINE_SUMMARY|X$KSSQUAR_SUM
GV$RECOVER_FILE|X$KCVFHMRR
GV$RECOVERY_FILE_STATUS|X$KCRMX
GV$RECOVERY_FILE_STATUS|X$KCCFN
GV$RECOVERY_FILE_STATUS|X$KCCFE
GV$RECOVERY_FILE_STATUS|X$KCRMF
GV$RECOVERY_LOG|X$KCCLH
GV$RECOVERY_LOG|X$KCCAL
GV$RECOVERY_LOG|X$KCVFHMRR
GV$RECOVERY_LOG|X$KCCLE
GV$RECOVERY_PROGRESS|X$KSULOP
GV$RECOVERY_SLAVE|X$KSULOP
GV$RECOVERY_STATUS|X$KCRMX
GV$RECOVERY_STATUS|X$KCRFX
GV$REDO_DEST_RESP_HISTOGRAM|X$KCRRNHG
GV$REPLAY_CONTEXT|X$KXSREPLAY
GV$REPLAY_CONTEXT_LOB|X$KXSREPLAYLOB
GV$REPLAY_CONTEXT_SEQUENCE|X$KXSREPLAYSEQ
GV$REPLAY_CONTEXT_SYSDATE|X$KXSREPLAYDATE
GV$REPLAY_CONTEXT_SYSGUID|X$KXSREPLAYGUID
GV$REPLAY_CONTEXT_SYSTIMESTAMP|X$KXSREPLAYTIME
GV$REQDIST|X$KMMRD
GV$RESERVED_WORDS|X$KWDDEF
GV$RESOURCE|X$KSQRS
GV$RESOURCE_LIMIT|X$KSURLMT
GV$RESTORE_POINT|X$KCCRSP
GV$RESTORE_POINT|X$KCCNRS
GV$RESULT_CACHE_DEPENDENCY|X$QESRCDEP
GV$RESULT_CACHE_DR|X$QESRCDR
GV$RESULT_CACHE_MEMORY|X$QESRCMEM
GV$RESULT_CACHE_OBJECTS|X$QESRCOBJ
GV$RESULT_CACHE_RD|X$QESRCRD
GV$RESULT_CACHE_RR|X$QESRCRR
GV$RESULT_CACHE_STATISTICS|X$QESRCSTA
GV$RESUMABLE|X$KTRSO
GV$RFS_THREAD|X$KRFSTHRD
GV$RMAN_ENCRYPTION_ALGORITHMS|X$KRBZA
GV$RMAN_COMPRESSION_ALGORITHM|X$KRBMCA
GV$RMAN_CONFIGURATION|X$KCCRM
GV$RMAN_OUTPUT|X$KRBMROT
GV$RMAN_STATUS_CURRENT|X$KRBMRST
GV$RO_USER_ACCOUNT|X$RO_USER_ACCOUNT
GV$ROLLSTAT|X$KTURD
GV$ROWCACHE|X$KQRST
GV$ROWCACHE_PARENT|X$KQRFP
GV$ROWCACHE_SUBORDINATE|X$KQRFS
GV$RSRC_CONS_GROUP_HISTORY|X$KGSKSCS
GV$RSRC_CONSUMER_GROUP|X$KGSKCFT
GV$RSRC_CONSUMER_GROUP|X$KSFDSTCG
GV$RSRC_CONSUMER_GROUP_CPU_MTH|X$KGSKCP
GV$RSRC_PDB|X$KGSKPDBFT
GV$RSRC_PDB_HISTORY|X$KGSKPDBHISTFT
GV$RSRC_PLAN|X$KGSKPFT
GV$RSRC_PLAN_CPU_MTH|X$KGSKPP
GV$RSRC_PLAN_HISTORY|X$KSKPLW
GV$RSRC_SESSION_INFO|X$KGSKVFT
GV$RSRC_SESSION_INFO|X$KSKQVFT
GV$RSRCMGRMETRIC|X$KEWMRMGMV
GV$RSRCMGRMETRIC|X$KSKPLW
GV$RSRCMGRMETRIC|X$KSKCDBPLW
GV$RSRCMGRMETRIC|X$KGSKSCS
GV$RSRCMGRMETRIC_HISTORY|X$KEWMRMGMV
GV$RSRCMGRMETRIC_HISTORY|X$KSKPLW
GV$RSRCMGRMETRIC_HISTORY|X$KSKCDBPLW
GV$RSRCMGRMETRIC_HISTORY|X$KGSKSCS
GV$RSRCPDBMETRIC|X$KEWMRMPDBMV
GV$RSRCPDBMETRIC|X$KSKPLW
GV$RSRCPDBMETRIC|X$KSKCDBPLW
GV$RSRCPDBMETRIC|X$KGSKPDBHISTFT
GV$RSRCPDBMETRIC_HISTORY|X$KEWMRMPDBMV
GV$RSRCPDBMETRIC_HISTORY|X$KSKPLW
GV$RSRCPDBMETRIC_HISTORY|X$KSKCDBPLW
GV$RSRCPDBMETRIC_HISTORY|X$KGSKPDBHISTFT
GV$RT_ADDM_CONTROL|X$KEHETSX
GV$RULE|X$RULE
GV$RULE_SET|X$RULE_SET
GV$RULE_SET_AGGREGATE_STATS|X$KWRSNV
GV$SCHEDULER_INMEM_MDINFO|X$JSKMIMMD
GV$SCHEDULER_INMEM_RTINFO|X$JSKMIMRT
GV$SCHEDULER_RUNNING_JOBS|X$JSKSLV
GV$SECUREFILE_TIMER|X$KDLU_STAT
GV$SEGMENT_STATISTICS|X$KSOLSFTS
GV$SEGMENT_STATISTICS|X$KCCTS
GV$SEGMENT_STATISTICS|X$KTSSO
GV$SEGSPACE_USAGE|X$KTSSPU
GV$SEGSTAT|X$KSOLSFTS
GV$SEGSTAT_NAME|X$KSOLSSTAT
GV$SERV_MOD_ACT_STATS|X$KEWESMAS
GV$SERV_MOD_ACT_STATS|X$KEWESMS
GV$SERV_MOD_ACT_STATS|X$KEWSSMAP
GV$SERVICE_EVENT|X$KSWSEVTAB
GV$SERVICE_EVENT|X$KSLED
GV$SERVICE_REGION_METRIC|X$GSMREGIONS
GV$SERVICE_REGION_METRIC|X$KEWMSRGMV
GV$SERVICE_REGION_METRIC|X$KSWSASTAB
GV$SERVICE_STATS|X$KEWSSVCV
GV$SERVICE_STATS|X$KEWSSMAP
GV$SERVICE_WAIT_CLASS|X$KSWSCLSTAB
GV$SERVICEMETRIC|X$KEWMSVCMV
GV$SERVICEMETRIC|X$KSWSASTAB
GV$SERVICEMETRIC_HISTORY|X$KEWMSVCMV
GV$SERVICEMETRIC_HISTORY|X$KSWSASTAB
GV$SERVICES|X$KSWSASTAB
GV$SES_OPTIMIZER_ENV|X$QKSCESES
GV$SESS_IO|X$KSUSIO
GV$SESS_TIME_MODEL|X$KEWSSMAP
GV$SESS_TIME_MODEL|X$KEWSSESV
GV$SESSION|X$KSUSE
GV$SESSION_BLOCKERS|X$KDSHNG_SESSION_BLOCKERS
GV$SESSION_CLIENT_RESULT_CACHE|X$KMPCSO
GV$SESSION_CLIENT_RESULT_CACHE|X$KSUSECON
GV$SESSION_CLIENT_RESULT_CACHE|X$KSUSE
GV$SESSION_CONNECT_INFO|X$KSUSECON
GV$SESSION_CURSOR_CACHE|X$KGSCC
GV$SESSION_EVENT|X$KSLES
GV$SESSION_EVENT|X$KSLED
GV$SESSION_FIX_CONTROL|X$QKSBGSES
GV$SESSION_LONGOPS|X$KSULOP
GV$SESSION_OBJECT_CACHE|X$KOCST
GV$SESSION_WAIT|X$KSLWT
GV$SESSION_WAIT|X$KSLED
GV$SESSION_WAIT_CLASS|X$KSLCS
GV$SESSION_WAIT_HISTORY|X$KSLWH
GV$SESSIONS_COUNT|X$KSUPDBSES
GV$SESSMETRIC|X$KEWMSEMV
GV$SESSTAT|X$KSUSESTA
GV$SESSTAT|X$KSUSGIF
GV$SGA|X$KSMSD
GV$SGA_CURRENT_RESIZE_OPS|X$KMGSCT
GV$SGA_CURRENT_RESIZE_OPS|V$PARAMETER
GV$SGA_DYNAMIC_COMPONENTS|X$KMGSCT
GV$SGA_DYNAMIC_FREE_MEMORY|X$KSMGE
GV$SGA_DYNAMIC_FREE_MEMORY|X$KMGSCT
GV$SGA_RESIZE_OPS|X$KMGSOP
GV$SGA_RESIZE_OPS|X$KMGSCT
GV$SGA_RESIZE_OPS|X$KSPPI
GV$SGA_TARGET_ADVICE|X$KMGSBSADV
GV$SGAINFO|X$KSMSGMEM
GV$SGAINFO|V$SGA_DYNAMIC_FREE_MEMORY
GV$SGASTAT|X$KSMFS
GV$SGASTAT|X$KSMSS
GV$SGASTAT|X$KSMLS
GV$SGASTAT|X$KSMJS
GV$SGASTAT|X$KSMNS
GV$SGASTAT|X$KTSIMAPOOL
GV$SGASTAT|X$KSMSTRS
GV$SHADOW_DATAFILE|X$SHADOW_DATAFILE
GV$SHARED_POOL_ADVICE|X$KGLSIM
GV$SHARED_POOL_RESERVED|X$KSMSPR
GV$SHARED_POOL_RESERVED|X$KGHLU
GV$SHARED_SERVER|X$KMMSI
GV$SHARED_SERVER_MONITOR|X$KMMSG
GV$SHARED_SERVER_STAT|X$KMMSI
GV$SHARED_SERVER_STAT|X$KMMHST
GV$SORT_SEGMENT|X$KTSTSSD
GV$SORT_SEGMENT|X$KCCTS
GV$SORT_USAGE|X$KTSSO
GV$SORT_USAGE|V$SESSION
GV$SORT_USAGE|V$TABLESPACE
GV$SPPARAMETER|X$KSPSPFILE
GV$SQL|X$KGLCURSOR_CHILD
GV$SQLAREA|X$KGLCURSOR_CHILD_SQLID
GV$SQLAREA_PLAN_HASH|X$KGLCURSOR_CHILD_SQLIDPH
GV$SQLCOMMAND|X$OCT
GV$SQLFN_ARG_METADATA|X$OPARG
GV$SQLFN_METADATA|X$OPERATORS
GV$SQLFN_METADATA|X$OPVERSION
GV$SQLFN_METADATA|X$OPDESC
GV$SQLPA_METRIC|X$KESSPAMET
GV$SQL_BIND_DATA|X$KXSBD
GV$SQL_BIND_METADATA|X$KKSBV
GV$SQL_CS_HISTOGRAM|X$KKOCS_HISTOGRAM
GV$SQL_CS_SELECTIVITY|X$KKOCS_SELECTIVITY
GV$SQL_CS_STATISTICS|X$KKOCS_STATISTICS
GV$SQL_CURSOR|X$KXSCC
GV$SQL_DIAG_REPOSITORY|X$QKSCR
GV$SQL_DIAG_REPOSITORY_REASON|X$QKSCR_RSN
GV$SQL_FEATURE|X$QKSFM
GV$SQL_FEATURE_DEPENDENCY|X$QKSFMDEP
GV$SQL_FEATURE_HIERARCHY|X$QKSFMPRT
GV$SQL_HINT|X$QKSHT
GV$SQL_JOIN_FILTER|X$QESBLSTAT
GV$SQL_MONITOR|X$KESWXMON
GV$SQL_MONITOR_SESSTAT|X$KEOMNMON_SESSTAT
GV$SQL_MONITOR_STATNAME|X$KESWXMON_STATNAME
GV$SQL_OPTIMIZER_ENV|X$KQLFSQCE
GV$SQL_PLAN|X$KQLFXPL
GV$SQL_PLAN_MONITOR|X$KEWSWXMON_PLAN
GV$SQL_PLAN_STATISTICS|X$QESRSTAT
GV$SQL_PLAN_STATISTICS_ALL|X$QESRSTATALL
GV$SQL_REDIRECTION|X$KGLCURSOR_CHILD
GV$SQL_REDIRECTION|X$KKSSRD
GV$SQL_REOPTIMIZATION_HINTS|X$KKOAR_HINT
GV$SQL_SHARD|X$SQL_SHARD
GV$SQL_SHARED_CURSOR|X$KKSCS
GV$SQL_SHARED_MEMORY|X$KGLCURSOR
GV$SQL_SHARED_MEMORY|X$KSMHP
GV$SQL_TESTCASES|X$SQL_TESTCASES
GV$SQL_WORKAREA|X$QESMMWDS
GV$SQL_WORKAREA_ACTIVE|X$QESMMIWT
GV$SQL_WORKAREA_HISTOGRAM|X$QESMMIWH
GV$SQLSTATS|X$KKSSQLSTAT
GV$SQLSTATS_PLAN_HASH|X$KKSSQLSTAT_PLAN_HASH
GV$SQLTEXT|X$KGLNA
GV$SQLTEXT_WITH_NEWLINES|X$KGLNA1
GV$SSCR_SESSIONS|X$KSUSM
V$STANDBY_EVENT_HISTOGRAM|X$KRDEVTHIST
GV$STANDBY_LOG|X$KCCSL
GV$STATISTICS_LEVEL|X$PRMSLTYX
GV$STATNAME|X$KSUSD
GV$STREAMS_APPLY_COORDINATOR|X$KNSTASL
GV$STREAMS_APPLY_COORDINATOR|X$KNSTACR
GV$STREAMS_APPLY_COORDINATOR|V$SESSION
GV$STREAMS_APPLY_READER|X$KSUSD
GV$STREAMS_APPLY_READER|X$KSUSESTA
GV$STREAMS_APPLY_READER|X$KSUSE
GV$STREAMS_APPLY_READER|X$KSUSGIF
GV$STREAMS_APPLY_READER|X$KNSTASL
GV$STREAMS_APPLY_READER|V$SESSION
GV$STREAMS_APPLY_SERVER|X$KNSTASL
GV$STREAMS_APPLY_SERVER|V$SESSION
GV$STREAMS_CAPTURE|X$KSUSD
GV$STREAMS_CAPTURE|X$KSUSESTA
GV$STREAMS_CAPTURE|X$KSUSE
GV$STREAMS_CAPTURE|X$KSUSGIF
GV$STREAMS_CAPTURE|X$KNSTCAP
GV$STREAMS_CAPTURE|X$LOGMNR_PROCESS
GV$STREAMS_MESSAGE_TRACKING|X$KNSTMT
GV$STREAMS_POOL_ADVICE|X$KNLAROW
GV$STREAMS_POOL_STATISTICS|X$KNLASG
GV$STREAMS_TRANSACTION|X$KNSTTXN
GV$SUBCACHE|X$KQLSET
GV$SUBSCR_REGISTRATION_STATS|X$KKCNEREGSTAT
GV$SUBSCR_REGISTRATION_STATS|X$KKCNRSTAT
GV$SYS_OPTIMIZER_ENV|X$KQSCESYS
GV$SYS_REPORT_REQUESTS|X$KERPIREPREQ
GV$SYS_REPORT_STATS|X$KERPISTATS
GV$SYS_TIME_MODEL|X$KEWSSMAP
GV$SYS_TIME_MODEL|X$KEWSSYSV
GV$SYSAUX_OCCUPANTS|X$KEWXOCF
GV$SYSMETRIC|X$KEWMDRMV
GV$SYSMETRIC_HISTORY|X$KEWMDRMV
GV$SYSMETRIC_SUMMARY|X$KEWMSMDV
GV$SYSSTAT|X$KSUSGSTA
GV$SYSTEM_CURSOR_CACHE|X$KGICS
GV$SYSTEM_EVENT|X$KSLEI
GV$SYSTEM_EVENT|X$KSLED
GV$SYSTEM_FIX_CONTROL|X$QKSBGSYS
GV$SYSTEM_PARAMETER|X$KSPPI
GV$SYSTEM_PARAMETER|X$KSPPSV
GV$SYSTEM_PARAMETER2|X$KSPPI
GV$SYSTEM_PARAMETER2|X$KSPPSV2
GV$SYSTEM_PARAMETER3|X$KSPPI
GV$SYSTEM_PARAMETER3|X$KSPPSV
GV$SYSTEM_RESET_PARAMETER|X$KSPPI
GV$SYSTEM_RESET_PARAMETER|X$KSPRSTV
GV$SYSTEM_RESET_PARAMETER2|X$KSPPI
GV$SYSTEM_RESET_PARAMETER2|X$KSPRSTV2
GV$SYSTEM_WAIT_CLASS|X$KSLSCS
GV$TABLESPACE|X$KCCTS
GV$TEMP_CACHE_TRANSFER|X$KCFTIO
GV$TEMP_CACHE_TRANSFER|X$KCCTF
GV$TEMP_EXTENT_MAP|X$KCCTS
GV$TEMP_EXTENT_MAP|X$KTFTME
GV$TEMP_EXTENT_MAP|V$PARAMETER
GV$TEMP_EXTENT_POOL|X$KCCTS
GV$TEMP_EXTENT_POOL|X$KTSTFC
GV$TEMP_EXTENT_POOL|V$PARAMETER
GV$TEMP_PING|X$KCFTIO
GV$TEMP_PING|X$KCCTF
GV$TEMP_SPACE_HEADER|X$KCCTS
GV$TEMP_SPACE_HEADER|X$KTFTHC
GV$TEMP_SPACE_HEADER|V$PARAMETER
GV$TEMPFILE|X$KCCTF
GV$TEMPFILE|X$KCCFN
GV$TEMPFILE|X$KCVFHTMP
GV$TEMPFILE_INFO_INSTANCE|X$KCCTF
GV$TEMPFILE_INFO_INSTANCE|X$KCCFN
GV$TEMPFILE_INFO_INSTANCE|X$KCVFHTMP
GV$TEMPFILE_INFO_INSTANCE|X$KTFTHC
GV$TEMPSTAT|X$KCFTIO
GV$TEMPSTAT|X$KCCTF
GV$TEMPORARY_LOBS|X$ABSTRACT_LOB
GV$TEMPORARY_LOBS|X$KDLT
GV$TEMPUNDOSTAT|X$KTUTST
GV$THREAD|X$KCCRT
GV$THREAD|X$KCCTIR
GV$THREAD|X$KCCCP
GV$THRESHOLD_TYPES|X$KELRTD
GV$THRESHOLD_TYPES|X$KELTOSD
GV$TIMER|X$KSUTM
GV$TIMEZONE_FILE|X$TIMEZONE_FILE
GV$TIMEZONE_NAMES|X$TIMEZONE_NAMES
GV$TOPLEVELCALL|X$ORAFN
GV$TRANSACTION|X$KTCXB
GV$TRANSACTION_ENQUEUE|X$KTCXB
GV$TRANSACTION_ENQUEUE|X$KSUSE
GV$TRANSACTION_ENQUEUE|X$KSQRS
GV$TRANSPORTABLE_PLATFORM|X$KCPXPL
GV$TSDP_SUPPORTED_FEATURE|X$KZDPSUPSF
GV$TSM_SESSIONS|X$KSUSM
GV$TYPE_SIZE|X$KQFSZ
GV$UNDOSTAT|X$KTUSMST
GV$UNIFIED_AUDIT_TRAIL|X$UNIFIED_AUDIT_TRAIL
GV$VERSION|X$VERSION
GV$VPD_POLICY|X$KGLCURSOR_CHILD
GV$VPD_POLICY|X$KZRTPD
GV$WAITCLASSMETRIC|X$KEWMEVMV
GV$WAITCLASSMETRIC_HISTORY|X$KEWMEVMV
GV$WAITSTAT|X$KCBWAIT
V$WAIT_CHAINS|X$KSDHNG_CHAINS
GV$WALLET|X$KZEKMFVW
GV$WLM_DB_MODE|X$KYWMCLTAB
GV$WLM_PC_STATS|X$KEWEPCS
GV$WLM_PC_STATS|X$KEWSSMAP
GV$WLM_PC_STATS|X$KYWMPCMN
GV$WLM_PCMETRIC|X$KEWMWPCMV
GV$WLM_PCMETRIC|X$KYWMPCMN
GV$WLM_PCMETRIC_HISTORY|X$KEWMWPCMV
GV$WLM_PCMETRIC_HISTORY|X$KYWMPCMN
GV$WLM_PCSERVICE|X$KYWMPCS
GV$WORKLOAD_REPLAY_THREAD|X$KECPRT
GV$XS_SESSIONS|X$XS_SESSIONS
GV$XS_SESSION_NS_ATTRIBUTES|X$XS_SESSION_NS_ATTRIBUTES
GV$XS_SESSION_ROLES|X$RXS_SESSION_ROLES
GV$XML_AUDIT_TRAIL|X$XML_AUDIT_TRAIL
GV$XSTREAM_APPLY_COORDINATOR|X$KNSTASL
GV$XSTREAM_APPLY_COORDINATOR|X$KNSTACR
GV$XSTREAM_APPLY_COORDINATOR|V$SESSION
GV$XSTREAM_APPLY_READER|X$KSUSD
GV$XSTREAM_APPLY_READER|X$KSUSTA
GV$XSTREAM_APPLY_READER|X$KSUSE
GV$XSTREAM_APPLY_READER|X$KSUSGIF
GV$XSTREAM_APPLY_READER|X$KNSTASL
GV$XSTREAM_APPLY_READER|V$SESSION
GV$XSTREAM_APPLY_RECEIVER|X$KNSTANR
GV$XSTREAM_APPLY_RECEIVER|X$KNSTACR
GV$XSTREAM_APPLY_RECEIVER|V$SESSION
GV$XSTREAM_APPLY_SERVER|X$KNSTASL
GV$XSTREAM_APPLY_SERVER|V$SESSION
GV$XSTREAM_CAPTURE|X$KNSTCAP
GV$XSTREAM_CAPTURE|X$LOGMNR_PROCESS
GV$XSTREAM_CAPTURE|X$KCRFWS
GV$XSTREAM_CAPTURE|X$LOGMNR_LOG
GV$XSTREAM_CAPTURE|X$LOGMNR_DICTIONARY_LOAD
GV$XSTREAM_CAPTURE|X$KCCSL
GV$XSTREAM_CAPTURE|X$KRVXSV
GV$XSTREAM_MESSAGE_TRACKING|X$KNSTMT
GV$XSTREAM_OUTBOUND_SERVER|X$KSUSD
GV$XSTREAM_OUTBOUND_SERVER|X$KSUSESTA
GV$XSTREAM_OUTBOUND_SERVER|X$KSUSE
GV$XSTREAM_OUTBOUND_SERVER|X$KSUSGIF
GV$XSTREAM_OUTBOUND_SERVER|X$KNSTASL
GV$XSTREAM_OUTBOUND_SERVER|V$SESSION
GV$XSTREAM_TABLE_STATS|X$KNSTXSTS
GV$XSTREAM_TRANSACTION|X$KNSTTXN
GV$ZONEMAP_USAGE_STATS|X$KSXM_ZUT
GV$_LOCK|X$KTCXB
GV$_LOCK|X$KTSTUSG
GV$_LOCK|X$KTSTUSS
GV$_LOCK|X$KTSTUSC
GV$_LOCK|X$KTATL
GV$_LOCK|X$KTATRFSL
GV$_LOCK|X$KTATRFIL
GV$_LOCK|X$KTATRFIL
GV$_LOCK|X$KTADM
GV$_LOCK|V$_LOCK1
GV$_LOCK1|X$DNSSF
GV$_LOCK1|X$KSQEQ
GV$_SEQUENCES|X$KGLOB
